{
  "subset_size": 87,
  "categories": [
    "Object",
    "Attribute"
  ],
  "seed": 42,
  "pooling": "logsumexp",
  "tau": 1.0,
  "templates_per_caption": 15,
  "baseline": {
    "R@1": 0.0,
    "R@5": 0.36781609058380127,
    "R@10": 0.517241358757019
  },
  "improved": {
    "R@1": 0.01149425283074379,
    "R@5": 0.4367816150188446,
    "R@10": 0.5287356376647949
  },
  "delta_pct_points": {
    "R@1": 1.149425283074379,
    "R@5": 6.8965524435043335,
    "R@10": 1.149427890777588
  }
}