{
  "subset_size": 24,
  "categories": [
    "Action"
  ],
  "seed": 42,
  "pooling": "max",
  "tau": null,
  "templates_per_caption": 10,
  "baseline": {
    "R@1": 0.0,
    "R@5": 0.3333333432674408,
    "R@10": 0.4583333432674408
  },
  "improved": {
    "R@1": 0.0416666679084301,
    "R@5": 0.375,
    "R@10": 0.6666666865348816
  },
  "delta_pct_points": {
    "R@1": 4.16666679084301,
    "R@5": 4.16666567325592,
    "R@10": 20.83333432674408
  }
}