{
  "subset_size": 62,
  "categories": [
    "Object"
  ],
  "seed": 42,
  "pooling": "mean",
  "tau": null,
  "templates_per_caption": 10,
  "baseline": {
    "R@1": 0.0,
    "R@5": 0.33870968222618103,
    "R@10": 0.5161290168762207
  },
  "improved": {
    "R@1": 0.016129031777381897,
    "R@5": 0.3709677457809448,
    "R@10": 0.5483871102333069
  },
  "delta_pct_points": {
    "R@1": 1.6129031777381897,
    "R@5": 3.2258063554763794,
    "R@10": 3.225809335708618
  }
}