{
  "subset_size": 62,
  "categories": [
    "Object"
  ],
  "seed": 42,
  "pooling": "max",
  "tau": null,
  "templates_per_caption": 10,
  "baseline": {
    "R@1": 0.0,
    "R@5": 0.33870968222618103,
    "R@10": 0.5161290168762207
  },
  "improved": {
    "R@1": 0.032258063554763794,
    "R@5": 0.3709677457809448,
    "R@10": 0.5322580933570862
  },
  "delta_pct_points": {
    "R@1": 3.2258063554763794,
    "R@5": 3.2258063554763794,
    "R@10": 1.6129076480865479
  }
}