{
  "subset_size": 25,
  "categories": [
    "Attribute"
  ],
  "seed": 42,
  "pooling": "max",
  "tau": null,
  "templates_per_caption": 10,
  "baseline": {
    "R@1": 0.0,
    "R@5": 0.4399999976158142,
    "R@10": 0.5199999809265137
  },
  "improved": {
    "R@1": 0.03999999910593033,
    "R@5": 0.4399999976158142,
    "R@10": 0.5199999809265137
  },
  "delta_pct_points": {
    "R@1": 3.999999910593033,
    "R@5": 0.0,
    "R@10": 0.0
  }
}