{
  "subset_size": 87,
  "categories": [
    "Object",
    "Attribute"
  ],
  "seed": 42,
  "pooling": "max",
  "tau": null,
  "templates_per_caption": 15,
  "baseline": {
    "R@1": 0.0,
    "R@5": 0.36781609058380127,
    "R@10": 0.517241358757019
  },
  "improved": {
    "R@1": 0.02298850566148758,
    "R@5": 0.40229883790016174,
    "R@10": 0.5287356376647949
  },
  "delta_pct_points": {
    "R@1": 2.298850566148758,
    "R@5": 3.4482747316360474,
    "R@10": 1.149427890777588
  }
}